CustomerID,Revenue,Cost,Profit
1,596.1360717405528,25.63287144961091,570.5032002909419
2,168.53374133776546,204.98259935456227,-36.448858016796805
3,128.6420400585254,102.27847380506543,26.363566253459965
4,400.71684090734374,306.4885983045582,94.22824260278554
5,635.5354677437211,207.90572508824698,427.62974265547416
6,275.04876788948843,11.01315391293218,264.03561397655625
7,1975.4910344073592,115.09665790309627,1860.394376504263
8,577.3211368758626,201.45045859122962,375.870678284633
9,327.8600967054342,254.73253937165532,73.1275573337789
10,248.88685110087536,33.236329613786076,215.6505214870893
11,210.17112512869917,314.9220301533033,-104.75090502460412
12,652.9099485038289,126.3401217212711,526.5698267825578
13,288.6360884015148,60.60595599962434,228.03013240189048
14,30.766399616198473,490.9297349555138,-460.1633353393153
15,253.7856751067583,21.32746743763809,232.4582076691202
16,669.6966200004367,796.7932861480614,-127.09666614762466
17,100.74713030434022,367.52436847407233,-266.77723816973213
18,96.45981291748816,193.64502103923706,-97.1852081217489
19,379.16441966439106,3.3670904681277833,375.79732919626326
20,379.4593236346369,148.3505312588716,231.10879237576532
21,503.10903063183923,311.36672238459926,191.74230824723998
22,946.6695509794273,587.5137757519491,359.1557752274782
23,644.5027516601172,288.515113403434,355.98763825668317
24,472.1181879750196,152.10358215815768,320.01460581686194
25,640.8651699161516,177.91421230244075,462.9509576137108
26,195.0116596817974,619.7688926333645,-424.7572329515672
27,224.54289485600682,129.86198034843315,94.68091450757368
28,129.5558798714418,20.21319557283463,109.34268429860717
29,173.8675450246068,175.38070277162217,-1.5131577470153559
30,498.44696601674997,1942.621649212442,-1444.174683195692
31,48.313239843304586,143.30085525157682,-94.98761540827223
32,284.31668831944813,64.34982467987437,219.96686363957377
33,281.8168423549561,13.854064942689368,267.96277741226675
34,340.2982333031748,56.24927654706551,284.0489567561093
35,277.4151324281471,117.4972440641653,159.9178883639818
36,187.17309885011275,256.19085476431326,-69.0177559142005
37,277.86905153374755,328.61482694833916,-50.745775414591606
38,1119.2850565517092,13.1288080530812,1106.156248498628
39,1442.6325732643913,825.5070825254143,617.1254907389771
40,348.4136478265099,80.61426936590357,267.7993784606063
41,489.020507603827,48.42480526162476,440.59570234220223
42,61.43331485842484,227.03666898409531,-165.60335412567048
43,190.8392444788115,339.57548507949735,-148.73624060068585
44,267.9232011421825,110.12703652502275,157.79616461715977
45,1006.1126464910403,332.09123399004415,674.0214125009961
46,144.14470535316806,104.56690516022452,39.57780019294354
47,329.8893409198225,697.36186183129,-367.4725209114675
48,2118.869149361793,637.8209509835474,1481.0481983782456
49,366.4485408844667,22.15673828691394,344.29180259755276
50,474.5290399186869,48.897778449390174,425.63126146929676
51,64.27400999055287,359.2567816444831,-294.98277165393023
52,875.3302619907761,0.036032610520872414,875.2942293802552
53,461.9852333600932,517.477550979674,-55.492317619580774
54,393.80366798180927,132.12870054983028,261.674967431979
55,209.8559317788057,409.5006704617104,-199.6447386829047
56,181.28959058083493,13.57365631303631,167.71593426779862
57,269.80309558495446,70.4374994099763,199.36559617497818
58,571.7537302129291,22.03105570610331,549.7226745068258
59,1041.551485449896,59.47082333676697,982.080662113129
60,357.1060863793352,145.55771039613342,211.54837598320177
61,553.2926690035517,202.91758756937918,350.37508143417256
62,440.8680311092382,743.4080078294019,-302.5399767201637
63,490.2859791848823,295.99305291605367,194.29292626882864
64,561.4868939350657,367.742659555166,193.74423437989975
65,923.6649623586259,25.703537536214807,897.9614248224111
66,43.430233279012036,101.39258670766276,-57.96235342865072
67,721.2902419910805,1438.6056327142999,-717.3153907232194
68,139.63634831285592,246.5822368242751,-106.94588851141918
69,107.97410038589884,465.09246350797184,-357.118363122073
70,424.85015572158335,9.90651937548761,414.94363634609573
71,50.30397827416584,26.346636291553242,23.9573419826126
72,1082.8345821432029,34.70178360963918,1048.1327985335636
73,493.4222837990083,4.6211631671043385,488.801120631904
74,642.6210008693901,765.2330568115793,-122.61205594218927
75,8.130349084185253,87.762271715418,-79.63192263123274
76,451.23321401572565,1702.4825206476314,-1251.2493066319057
77,406.8503667222404,401.9719532504201,4.878413471820295
78,86.55781730063546,86.54903731990201,0.008779980733450543
79,83.06892029976798,1441.2559836039288,-1358.1870633041608
80,594.5905855758202,608.7017796579202,-14.111194082099928
81,191.92502270778527,54.096349625025105,137.82867308276016
82,588.7795287901948,61.488668072169034,527.2908607180258
83,404.1480003377956,342.0048433566611,62.143156981134496
84,246.28871483338116,24.4542166907177,221.83449814266345
85,1296.0176278916092,263.49975112980326,1032.5178767618058
86,921.5368984848749,20.67737364002211,900.8595248448528
87,221.11452281668755,75.03790271835268,146.07662009833487
88,22.285059045875478,889.5024586998799,-867.2173996540043
89,181.75489088154362,207.08835838316384,-25.33346750162022
90,253.90316148773456,255.7927137351363,-1.8895522474017241
91,610.3201872938037,94.28309189624301,516.0370953975606
92,2686.356909202046,173.97857458702305,2512.378334615023
93,219.96218276200767,42.815723212697726,177.14645954930995
94,718.8944984885505,218.0833656248221,500.8111328637284
95,449.6884362351334,16.639794109982958,433.0486421251504
96,588.3438891799889,14.835666081620879,573.508223098368
97,81.92311224566939,341.50022247336676,-259.5771102276974
98,254.47726494900402,16.965267559571263,237.51199738943276
99,137.78183076781448,220.99423103895,-83.21240027113552
100,210.38279339786368,92.78470398033144,117.59808941753224
101,359.87717041781184,62.363427707107476,297.5137427107044
102,549.2429735708757,255.51550796253287,293.72746560834287
103,55.97357166968628,105.49056968656289,-49.51699801687661
104,70.14563785551286,182.85275219737974,-112.70711434186688
105,194.28969371089238,44.88911707431433,149.40057663657805
106,541.710634350444,40.56922962050596,501.1414047299381
107,937.0476341434361,33.79239858849713,903.255235554939
108,402.88628279260945,22.274892519752967,380.6113902728565
109,963.6263497259345,242.0383939685489,721.5879557573855
110,242.9346622205973,423.1828680116505,-180.2482057910532
111,190.4749608370118,471.5947695813434,-281.11980874433164
112,218.6827868468357,949.919227891449,-731.2364410446133
113,93.81691852413087,55.31836084824579,38.49855767588508
114,883.3753104014569,43.72247454289928,839.6528358585576
115,206.75179962615073,190.43788620583254,16.313913420318187
116,401.89422443387946,592.0006466530232,-190.10642221914372
117,432.0288080078329,437.1042547833483,-5.075446775515445
118,368.58408006276255,245.05453136569756,123.529548697065
119,1.3458419536770716,51.15937653040184,-49.81353457672477
120,2226.0279908217244,148.91047566002848,2077.117515161696
121,1178.7402000637853,381.1895667795436,797.5506332842417
122,116.36711080667465,140.24014342556606,-23.873032618891415
123,173.001342662859,11.971521468244335,161.02982119461467
124,366.9951637691263,263.03733536683353,103.95782840229276
125,1160.9419241969165,382.03392993560914,778.9079942613073
126,2056.1794729883645,376.33939087789804,1679.8400821104665
127,148.89453098472103,54.048868387263674,94.84566259745736
128,415.4684339182147,122.83813890767478,292.63029501053995
129,822.4514224415651,157.8692492422059,664.5821731993592
130,250.7430647613057,163.66726261318055,87.07580214812515
131,656.6577224806439,36.365167931344665,620.2925545492992
132,87.813416929613,146.09929873259657,-58.28588180298357
133,459.019339113328,211.95009335806236,247.06924575526563
134,1004.4522425291913,371.9428738393847,632.5093686898066
135,2052.852702557648,252.80593498174363,1800.0467675759046
136,41.3462440762833,155.72315251022894,-114.37690843394564
137,279.6117977897805,787.653766263459,-508.04196847367854
138,114.41915507483893,273.4533267497859,-159.03417167494698
139,299.4974631907126,1104.1648776484803,-804.6674144577678
140,396.7750832489157,606.0719727171127,-209.29688946819698
141,48.98655182385747,335.9134881912035,-286.926936367346
142,176.10018168325317,688.7230513118107,-512.6228696285575
143,1312.6656629111199,1421.2567890676744,-108.59112615655454
144,420.82792326326427,74.87600804569476,345.95191521756954
145,305.7024950884331,352.3790793374802,-46.676584249047096
146,700.2493652008872,753.1754596778921,-52.926094477004995
147,677.1307707797345,5.265996629297744,671.8647741504367
148,24.899328506958376,482.0658460813909,-457.1665175744325
149,616.6963369529154,28.09643867677101,588.5998982761445
150,913.9317672408235,745.0677382340215,168.86402900680207
151,90.72370001433995,284.0353222468081,-193.31162223246815
152,759.3370668423265,53.046013255382185,706.2910535869444
153,168.8120816273791,12.062332323569967,156.74974930380912
154,182.98021282857502,527.7670366130974,-344.78682378452237
155,547.2027727409532,45.069689347516615,502.13308339343655
156,59.049639357314405,841.7388039373683,-782.6891645800539
157,546.6220348914924,28.578589001109805,518.0434458903826
158,1093.9892938137539,546.0078409433611,547.9814528703928
159,595.8760053987949,165.25091715870062,430.6250882400942
160,290.2020803834433,618.445944590779,-328.2438642073358
161,288.3174843644139,439.0488467204763,-150.73136235606245
162,724.2893821894156,574.9566637206361,149.3327184687795
163,416.9431014709375,190.60054647702296,226.34255499391455
164,44.36323975517974,375.2861144198754,-330.92287466469566
165,436.94030498171134,115.11149263867743,321.8288123430339
166,843.277480681612,14.496661465064616,828.7808192165475
167,205.5402098364343,79.3459977795087,126.19421205692558
168,1312.6127726865916,0.408770093448343,1312.2040025931433
169,694.5832415444845,135.30894759322416,559.2742939512603
170,426.7328841166194,204.26412001920724,222.46876409741216
171,696.4460165715793,5.879363292367927,690.5666532792114
172,41.22849692574597,2.327953529550409,38.900543396195566
173,980.8793023809781,347.95191495407164,632.9273874269064
174,861.5948605841605,31.753470510081534,829.841390074079
175,1203.2603100497404,23.01426549711124,1180.2460445526292
176,68.84498376705524,205.3146172027291,-136.46963343567387
177,42.659180254116826,379.9239885801795,-337.2648083260627
178,74.49111378117036,1133.8413848146995,-1059.3502710335292
179,254.89533817343852,105.0363544064035,149.858983767035
180,276.09025258876284,37.505057250189665,238.58519533857316
181,413.01753725811216,21.299509213030507,391.71802804508167
182,65.19305760405548,69.77288117802027,-4.579823573964788
183,112.44722999364211,31.626374268660808,80.8208557249813
184,834.7116694191601,1.0170303918724364,833.6946390272876
185,315.5442164385393,100.67274226736885,214.87147417117046
186,824.9690665614554,53.8122495077471,771.1568170537083
187,3.7270456915123584,5.525545739752599,-1.7985000482402405
188,401.02668287668365,131.3803669798752,269.64631589680846
189,1343.6251244490488,524.4648342129382,819.1602902361107
190,436.34684665145585,108.57582247390496,327.7710241775509
191,115.39619426822958,371.46550022960815,-256.0693059613786
192,632.4944345764784,391.397664941751,241.09676963472742
193,238.2007054970601,7.766610872909901,230.43409462415022
194,551.8887234696715,979.3589591523698,-427.47023568269833
195,14.879068343959784,44.90150520299338,-30.022436859033593
196,505.1638553795472,379.1858413217964,125.97801405775084
197,16.363845427871492,143.1414103873154,-126.77756495944391
198,682.8159638241788,607.9922127261018,74.82375109807697
199,320.1948314618578,1587.1659810146168,-1266.971149552759
200,64.91447355593334,64.44956945975065,0.4649040961826927
201,391.1377719799027,513.5335944131086,-122.39582243320592
202,34.55417651931138,211.2642265991847,-176.71005007987333
203,529.741277355079,1009.4399435519823,-479.69866619690333
204,2771.639526863701,321.9614406591903,2449.6780862045107
205,733.5295616996466,269.85803681109564,463.67152488855095
206,426.39291180912574,78.22381690707715,348.1690949020486
207,54.1464383093227,380.50013763192067,-326.35369932259795
208,601.709936565142,101.98803422589965,499.7219023392424
209,541.1252390519533,560.7709362001517,-19.64569714819845
210,25.17167845146712,1135.1372141476713,-1109.9655356962041
211,785.8285933706034,2.347051633397042,783.4815417372063
212,365.64948713174135,927.8916346847205,-562.2421475529792
213,277.44770565679187,133.16525999451005,144.28244566228182
214,776.0261443187159,201.0142216915307,575.0119226271852
215,265.1479928617177,773.4443257270656,-508.2963328653479
216,327.9510121377035,448.7761065766767,-120.82509443897317
217,100.21965386229434,83.60579292578672,16.61386093650762
218,193.80196114407818,30.560880812453043,163.24108033162514
219,933.8873877189587,552.0824717794349,381.8049159395239
220,103.45289321891488,412.3810488792801,-308.92815566036523
221,270.0337320646665,586.2964160335773,-316.26268396891084
222,2256.5009864660497,145.37262277245765,2111.128363693592
223,134.98644600929384,203.24930888649746,-68.26286287720362
224,1243.4483118696912,187.65700540014004,1055.7913064695513
225,1252.9474928499196,113.37906086478365,1139.568431985136
226,47.868123490788555,122.69395337175007,-74.82582988096152
227,311.48671318789866,380.44596000996467,-68.959246822066
228,348.79485230939207,419.59648388460755,-70.80163157521548
229,188.19759378082009,598.2082021702328,-410.0106083894127
230,24.24836066380909,559.1095047849449,-534.8611441211358
231,138.32862636294115,420.6511697556964,-282.3225433927553
232,50.20287294462982,121.38965456741812,-71.1867816227883
233,136.0683686693622,371.41024630967945,-235.34187764031725
234,824.5862031294407,1079.4319613687544,-254.84575823931368
235,1126.794084081544,743.9396088271981,382.85447525434597
236,22.092410870260156,1067.2261894252078,-1045.1337785549476
237,179.73000665375466,11.063783158973589,168.66622349478106
238,1970.7825177080792,283.71519611792047,1687.0673215901588
239,387.72644788550224,72.75254194767004,314.9739059378322
240,492.1634971044881,84.93166199075297,407.23183511373514
241,2.7804206324409297,557.4869354218171,-554.7065147893761
242,331.70627790023633,416.1184123098725,-84.41213440963617
243,2225.3041363239254,119.60751832066357,2105.696618003262
244,235.1502586425527,220.1378594684595,15.01239917409319
245,51.037492043445546,62.5983821703754,-11.560890126929856
246,309.8635725180321,1.1503638854054377,308.7132086326266
247,1648.479038058255,690.6498751538255,957.8291629044294
248,209.14647729613642,370.99252037625,-161.8460430801136
249,802.0330164623833,225.75353891799642,576.279477544387
250,801.8430708462873,16.685166379238698,785.1579044670486
251,116.75372115224569,163.8530422239509,-47.099321071705205
252,292.9252019540397,143.43101565723026,149.49418629680946
253,628.6890323640142,56.458550562096235,572.230481801918
254,264.2570613055488,50.94776652638323,213.30929477916558
255,105.98247972592692,57.0496793019919,48.93280042393502
256,1713.1700149003514,272.5232547882572,1440.6467601120942
257,525.9841650846455,39.95793272840879,486.02623235623673
258,1002.9463113972641,81.75893774188336,921.1873736553807
259,12.783205492827033,877.1473100961571,-864.36410460333
260,155.2405462842204,74.3314731958494,80.90907308837099
261,348.64899194539333,432.9948049621735,-84.34581301678014
262,34.91552300536182,273.4208164668944,-238.50529346153257
263,2483.3040197822947,159.8992895667351,2323.4047302155595
264,134.8964518336485,271.3723113054345,-136.47585947178598
265,234.4358809010764,43.02951063721945,191.40637026385693
266,120.40682279214955,198.6038111104303,-78.19698831828076
267,55.71492962844163,1074.0990506115572,-1018.3841209831156
268,132.29523094634305,167.43849636072568,-35.143265414382626
269,178.77347308481356,83.47054837737974,95.30292470743382
270,503.1655292510908,787.2790880300633,-284.11355877897256
271,165.1102567319995,283.0787847779712,-117.96852804597168
272,224.92544219379525,390.4285541300834,-165.50311193628815
273,2.9802863472616288,235.18730196297471,-232.2070156157131
274,227.63170180343081,3.379567522503988,224.25213428092684
275,381.662500158614,422.8076258092635,-41.145125650649504
276,88.37803865347692,1154.6746887697902,-1066.2966501163132
277,454.94700276130453,377.83255466541283,77.1144480958917
278,173.47014605474305,496.2637037348877,-322.79355768014466
279,499.9047821815285,572.3262373585278,-72.4214551769993
280,13.272924577520445,2139.7434923390647,-2126.4705677615443
281,1092.816581161653,102.16181845979702,990.6547627018559
282,8.12497428554825,179.01539303014536,-170.8904187445971
283,67.88582494168308,234.80742402874225,-166.92159908705918
284,750.6561501246831,49.623648896128145,701.032501228555
285,23.490897034494854,196.7415465697609,-173.25064953526606
286,620.6620352245804,97.29588636047605,523.3661488641044
287,1771.0258840682918,544.0770410661494,1226.9488430021424
288,1026.6254965771918,127.88266427772741,898.7428322994645
289,619.2159648821088,25.56433260677678,593.651632275332
290,1591.1483254575405,3.04098639420749,1588.107339063333
291,280.89574718529866,591.0007394961451,-310.10499231084646
292,1031.3076081063987,587.3705275388584,443.9370805675403
293,219.99541103893702,815.8336394410551,-595.838228402118
294,1327.944668520951,22.593473358002687,1305.3511951629482
295,80.54095551185054,150.63839207813643,-70.0974365662859
296,1406.9472079307398,167.6866221683776,1239.260585762362
297,894.0317457377749,591.7336828158947,302.2980629218803
298,935.5794160846084,90.90791598780916,844.6715000967993
299,66.15065184650653,107.94871587576307,-41.79806402925654
300,453.77316088320185,395.8457034613189,57.927457421882934
301,8.264162087776073,59.55448612262019,-51.29032403484412
302,638.6022629046523,302.6656204509099,335.9366424537424
303,3.8838020013610373,406.6821034338953,-402.79830143253423
304,44.31850013348784,59.701229598074015,-15.382729464586177
305,127.76778338549569,75.28732940017733,52.48045398531836
306,1040.219154636718,361.0011498639729,679.2180047727452
307,225.94538537320256,474.6990765810274,-248.75369120782483
308,388.2208479638741,919.5557484148169,-531.3349004509428
309,419.7843200807157,110.73267680712802,309.0516432735877
310,127.74515634930769,238.64274517968536,-110.89758883037767
311,424.4875290304852,47.63287282602533,376.85465620445984
312,540.8064920790038,172.28683508556634,368.5196569934374
313,177.08574959892889,90.78620379467696,86.29954580425192
314,271.18124450027364,128.68162238964848,142.49962211062515
315,301.7345287508678,487.9227317052183,-186.18820295435052
316,1346.708851652856,487.71550300904534,858.9933486438108
317,442.7519578484142,365.7316984441198,77.02025940429439
318,1480.6883381283446,39.59325734138,1441.0950807869647
319,406.0044969296636,100.23304164611686,305.77145528354674
320,347.135326558584,840.5228290181644,-493.38750245958045
321,1.7692319761615407,180.732174859884,-178.96294288372246
322,327.81881518541934,291.73513717566016,36.08367800975918
323,1311.774100100647,5.543622042768534,1306.2304780578786
324,110.55137322859169,218.95582781424162,-108.40445458564993
325,26.74845733523771,350.52655859275325,-323.7781012575155
326,261.0940442794035,18.205955397595318,242.88808888180816
327,232.9233252088413,36.746757580236384,196.17656762860491
328,972.990778351742,137.8351159194908,835.1556624322512
329,13.485800480844027,867.1888590385046,-853.7030585576606
330,1263.7978791343824,85.82420810108637,1177.973671033296
331,571.1300720170192,6.551827877271938,564.5782441397472
332,1172.8819838055247,497.08226569767527,675.7997181078495
333,467.64640514387327,567.6365035420501,-99.99009839817688
334,835.5325044386346,230.8112327169215,604.7212717217132
335,204.3932139491986,670.6103520001601,-466.21713805096147
336,215.05789858485622,59.18210227220822,155.875796312648
337,247.0450816386136,96.33799713558442,150.7070845030292
338,702.8345863795978,6.198517745503599,696.6360686340942
339,230.4554860575632,262.7118725320747,-32.256386474511515
340,138.68095878624987,655.1440930128502,-516.4631342266003
341,1387.6430327254461,279.72699368483137,1107.9160390406148
342,1193.043591894503,25.10769945185568,1167.9358924426472
343,214.46717140713199,354.49078578508625,-140.02361437795426
344,503.433414182245,338.0485458864869,165.38486829575805
345,159.99397422563865,54.7243840018036,105.26959022383505
346,115.4084133140463,529.799958150978,-414.3915448369317
347,204.99229956729525,730.459279898574,-525.4669803312787
348,198.0791946016228,149.12567841047715,48.95351619114564
349,1069.7066184352489,110.78224450166219,958.9243739335867
350,863.8400056324082,256.4696285472144,607.3703770851937
351,618.2879936909411,1078.258389191193,-459.9703955002518
352,1601.3194950402228,387.25502336096554,1214.0644716792572
353,274.56095486054477,468.28369843306314,-193.72274357251837
354,140.54064518349367,439.06081215304675,-298.5201669695531
355,62.44070573053571,943.9243933847575,-881.4836876542219
356,179.09043735689158,508.15938918209605,-329.06895182520446
357,78.4811592066732,93.72124330346446,-15.240084096791264
358,48.35793721772786,78.91676135242817,-30.55882413470031
359,461.82411186321326,83.15744539169155,378.6666664715217
360,226.4257457027895,71.833297294332,154.5924484084575
361,415.7110085981478,70.0579585588116,345.6530500393362
362,106.1857152009579,817.72243131245,-711.5367161114921
363,564.9057710205897,908.8639360539622,-343.95816503337255
364,121.3578252302558,28.245209130183586,93.11261610007222
365,162.88140946954903,19.865771701822833,143.0156377677262
366,676.9337643008455,583.5368108122509,93.39695348859459
367,410.1925188535741,248.85634592933926,161.33617292423483
368,203.8611364447842,71.31209503198711,132.54904141279707
369,391.5236712681044,185.86681328004366,205.65685798806075
370,592.0600938099548,22.9821320129542,569.0779617970005
371,1215.9604865662538,1208.8483603620634,7.112126204190417
372,434.60006914329557,45.22992506986815,389.3701440734274
373,132.42983397965781,492.8260313342526,-360.3961973545948
374,686.585684294748,952.3128735235564,-265.72718922880836
375,752.0189882747226,372.4101131493836,379.60887512533895
376,111.8226604414123,27.815882997133567,84.00677744427873
377,858.9968183299573,267.4684460140867,591.5283723158706
378,312.6833863129465,41.50856933935504,271.1748169735914
379,756.5338339143137,605.10915836827,151.42467554604377
380,135.5621034793485,335.1792684748249,-199.61716499547637
381,202.1680750987734,854.4842472333883,-652.3161721346148
382,1536.2755507512973,47.30713113621032,1488.968419615087
383,536.2019831363414,181.36751138255252,354.8344717537889
384,741.1336073253703,235.29145999718884,505.8421473281815
385,582.9763147726912,34.40045271788424,548.575862054807
386,114.26911186944332,338.94330688473804,-224.6741950152947
387,318.0893214610723,250.71449098931143,67.37483047176087
388,827.6463603579587,128.33256798970973,699.3137923682489
389,562.0190926459167,159.77691717564176,402.2421754702749
390,3.0230633481220424,477.22741809954715,-474.2043547514251
391,45.73304734701879,132.2095227434503,-86.47647539643151
392,212.93191748156738,1079.526802066377,-866.5948845848097
393,1444.4762393420929,750.9870597400876,693.4891796020053
394,337.8407791774314,24.391038584004257,313.4497405934271
395,157.47611811486638,574.0090119872639,-416.5328938723975
396,223.474691767217,336.0540037005037,-112.5793119332867
397,118.27439288329673,17.07255021077497,101.20184267252176
398,273.39919149907956,932.7787331631671,-659.3795416640876
399,122.97292929037167,537.8045330474091,-414.83160375703744
400,934.5984355644651,536.3612458126797,398.2371897517854
401,304.6517902958308,741.8163304226389,-437.1645401268081
402,164.11456518790123,761.8125293457822,-597.697964157881
403,1350.7233869598624,74.18459015662108,1276.5387968032414
404,188.69497988294262,831.117866301626,-642.4228864186834
405,1202.3901010504046,14.735056013960548,1187.655045036444
406,22.1944298272767,639.6813658152181,-617.4869359879414
407,613.9877221250478,183.03500234962385,430.95271977542393
408,330.71674799396374,533.6548952672132,-202.93814727324946
409,293.6923280544238,95.66568295880582,198.026645095618
410,18.499730044770534,421.7814761268376,-403.28174608206706
411,20.76695231499439,489.96538770813345,-469.19843539313905
412,202.29795578093217,25.320303152565238,176.97765262836694
413,1469.8606913925262,737.4716832394777,732.3890081530485
414,480.7224770126779,509.89183491037886,-29.169357897700934
415,230.12554347546148,271.50290323989867,-41.37735976443719
416,473.3453817081259,369.2279174840291,104.1174642240968
417,115.41874714317287,127.31195070698048,-11.893203563807617
418,90.20156477323377,190.7808359440444,-100.57927117081064
419,224.5653094923039,47.82635525877663,176.73895423352727
420,995.1784466832216,207.8885308583606,787.289915824861
421,356.0648340285935,458.1104923494063,-102.04565832081278
422,176.12915301288137,245.2028020996161,-69.07364908673472
423,1500.3887403087929,42.98254856957187,1457.406191739221
424,846.3176215328618,530.7974899828944,315.52013154996746
425,195.0227587985011,401.80808126391884,-206.78532246541775
426,1789.5328485392956,11.421164766270143,1778.1116837730256
427,2185.0924262928866,490.2447422730528,1694.8476840198337
428,262.6821785306075,601.287943405492,-338.6057648748845
429,533.4450542373808,215.46539091221425,317.9796633251665
430,260.14614449856805,142.73109733173908,117.41504716682897
431,148.76392891699314,26.151119665115054,122.61280925187808
432,43.13455862984136,528.5599847527832,-485.4254261229418
433,152.99793965578965,1.0996722239859966,151.89826743180365
434,158.36999948628244,126.24369608704384,32.126303399238594
435,254.2799958607751,119.13089347974562,135.14910238102948
436,102.21366814255916,729.1675710589952,-626.953902916436
437,1537.5869501965676,178.9646589780598,1358.6222912185078
438,54.28275942183574,658.5433762952852,-604.2606168734494
439,490.6927480281729,28.060953560703677,462.6317944674692
440,291.42707413564307,561.3943828172604,-269.96730868161734
441,275.4056238074884,284.3176667469607,-8.912042939472315
442,232.60101404203067,231.60457680197138,0.9964372400592936
443,1013.6701855114019,109.5659023641435,904.1042831472583
444,164.58337981244216,202.22066650397178,-37.637286691529624
445,10.395397957752301,95.83624297746196,-85.44084501970966
446,1251.1099268055577,182.54143497862734,1068.5684918269303
447,999.3190481459325,439.36362674816894,559.9554213977635
448,162.1051146604125,294.64141734079914,-132.53630268038663
449,370.6307123486686,342.3317474157358,28.298964932932847
450,57.75492161974294,668.2899329899341,-610.5350113701911
451,49.04189918385879,16.317642324380486,32.7242568594783
452,908.4343677369088,66.5469661045933,841.8874016323156
453,264.0416061451272,386.417202950779,-122.37559680565175
454,541.9355482525746,157.39406483946402,384.54148341311054
455,1434.1143928238043,315.1294755406772,1118.984917283127
456,140.60525682477322,684.1446871072299,-543.5394302824566
457,6.6235945633428255,399.5457466583425,-392.9221520949997
458,12.222379618459229,811.4443650550697,-799.2219854366106
459,617.8791471910012,49.4417349930928,568.4374121979083
460,1292.1550373879188,423.95084141344233,868.2041959744765
461,314.92684802903045,363.83042180425684,-48.90357377522639
462,235.08914072628716,2.2744213790005245,232.81471934728663
463,391.3832591286116,13.17785459124994,378.2054045373617
464,979.2028790416349,10.305884846516289,968.8969941951186
465,527.9975315317884,224.9898072831279,303.00772424866045
466,132.62113381758314,449.5163129332836,-316.89517911570044
467,744.8954287276708,155.93851860317193,588.9569101244989
468,72.28952397892549,0.970534752680221,71.31898922624526
469,90.49720136354621,57.67327545530789,32.82392590823832
470,474.25497405697035,889.8806370983232,-415.6256630413528
471,136.41867209766085,84.17716147484605,52.2415106228148
472,610.0147590069357,575.9847949713692,34.029964035566536
473,215.0212316030346,138.79526728470668,76.22596431832793
474,162.46630943448383,221.00236718727464,-58.53605775279081
475,3414.659687438964,201.84606568072127,3212.8136217582423
476,20.731998487398993,43.327700313185645,-22.59570182578665
477,518.9785701526127,136.7890511392806,382.1895190133322
478,19.73415610806684,2382.385380649857,-2362.65122454179
479,713.9964071401743,249.12096985646508,464.8754372837092
480,130.74079943958938,187.77851328523957,-57.03771384565019
481,47.06296753929847,238.98184556747952,-191.91887802818104
482,522.7012554247283,91.5539094913869,431.1473459333414
483,659.5070833271157,250.66647424902874,408.8406090780869
484,566.749893160896,390.93896472451297,175.81092843638305
485,26.64814802003065,33.50880763701246,-6.86065961698181
486,174.28745155068867,97.90594050273278,76.3815110479559
487,299.90888624911406,70.30771998010013,229.60116626901393
488,169.20936771857916,409.805473375801,-240.59610565722184
489,831.7186331616325,823.102798882489,8.615834279143542
490,70.27230975630864,165.85241417480668,-95.58010441849804
491,473.6061593190607,300.91913309703943,172.68702622202125
492,2220.4614795952125,9.51289162022194,2210.9485879749905
493,1164.241476120434,42.29202824356002,1121.949447876874
494,125.61532749255669,145.57200529180523,-19.95667779924854
495,0.040945483320678475,327.543497721007,-327.5025522376863
496,1971.1726075917488,306.7692535972071,1664.4033539945417
497,1071.5656129661736,64.0160754168042,1007.5495375493695
498,1259.57805992014,42.778965961805305,1216.7990939583347
499,268.5022865443475,834.5331467831796,-566.0308602388321
500,682.4924390794699,131.71884692874764,550.7735921507223
501,119.65647373545416,185.09594793318715,-65.43947419773299
502,249.04031951525002,30.065368122939145,218.97495139231089
503,953.7469757334873,723.1671257670882,230.57984996639902
504,68.26062846194036,330.8027781998623,-262.54214973792193
505,1121.5234381917016,213.987188207931,907.5362499837706
506,343.0937004308571,169.30259478779664,173.79110564306046
507,277.6462717701355,15.851138823555448,261.79513294658005
508,182.38696049845794,72.3518601506689,110.03510034778904
509,1243.5472322918583,581.5476338320972,661.9995984597612
510,364.51513408536437,292.020601260102,72.49453282526235
511,814.8875805577826,64.65498325713301,750.2325973006496
512,974.7395104381519,62.92134983942532,911.8181605987265
513,1277.9802441788347,129.29280928671062,1148.6874348921242
514,180.75813214404727,286.58474127113993,-105.82660912709267
515,207.61445011897206,234.53795600564945,-26.92350588667739
516,452.0253196246555,224.62008754693923,227.40523207771625
517,291.09291138452727,609.6089548620527,-318.5160434775254
518,1350.357578862099,592.527607380838,757.8299714812609
519,253.38696451686664,559.6834938202343,-306.2965293033676
520,324.8312933928185,363.65359789557084,-38.82230450275233
521,480.1031393856316,149.49634621952003,330.6067931661116
522,259.3780652801588,94.14386637539027,165.23419890476853
523,2444.9905869821973,934.9813393991188,1510.0092475830784
524,52.04248950533616,13.902712035465552,38.13977746987061
525,124.61757148004206,289.001394958939,-164.38382347889694
526,194.7873641377572,561.4826974139712,-366.695333276214
527,79.92175207961017,95.20038263048892,-15.278630550878745
528,167.1906761940561,1155.3640622578353,-988.1733860637792
529,755.3515581627727,651.2670420258356,104.08451613693705
530,370.00620024143393,66.69120433341678,303.3149959080172
531,17.271725097448375,94.54036693849548,-77.2686418410471
532,2026.2919575780454,682.791449539392,1343.5005080386534
533,478.56479759991527,34.70804635322512,443.8567512466901
534,30.373912710698534,62.65282840040412,-32.278915689705585
535,541.1265737397963,281.3687928735962,259.7577808662001
536,237.70460309967606,47.703764635027675,190.00083846464838
537,72.90222666155908,254.97199773245868,-182.0697710708996
538,414.6720245188985,257.0849364732078,157.58708804569073
539,649.2881928376513,272.16540460070115,377.12278823695016
540,556.0412091480283,86.58530947405032,469.455899673978
541,142.18588112328575,516.2464034481958,-374.06052232491004
542,372.07943777690855,1056.4367181176967,-684.3572803407882
543,385.7310885365978,97.67168668153339,288.0594018550644
544,630.8068981152168,601.8424228709563,28.964475244260484
545,223.03992841286583,104.03946669127004,119.0004617215958
546,799.0823354149439,128.74010486086195,670.342230554082
547,494.3256815797421,461.7545764625006,32.57110511724147
548,19.542796790810996,44.31694856942422,-24.774151778613223
549,395.35687588688563,19.140061466941397,376.2168144199442
550,989.9324034959275,146.63735264014989,843.2950508557776
551,419.17222071491375,41.669405793989476,377.50281492092427
552,96.68817753954707,24.86867749896868,71.81950004057839
553,357.0591428848481,266.5501596139349,90.50898327091318
554,707.2354827689139,60.99299258077816,646.2424901881358
555,58.32601074758728,107.38899898878769,-49.06298824120041
556,849.4053433196088,391.7889976319474,457.61634568766146
557,91.65000235685537,29.282433651598826,62.367568705256545
558,381.866902358194,1533.214656546466,-1151.347754188272
559,243.67132851675308,110.77901176482804,132.89231675192502
560,142.9243886566003,236.6525364947933,-93.728147838193
561,521.2566112984997,470.84814416698663,50.40846713151308
562,19.054562160233594,81.15172898171247,-62.09716682147887
563,713.6536176441807,125.1840804449334,588.4695371992473
564,374.26719943005344,69.30311180651609,304.96408762353735
565,1042.8151685901041,142.7236141220686,900.0915544680355
566,367.73339789531207,398.3359529524637,-30.60255505715162
567,17.830774885869847,375.9771656850734,-358.1463907992035
568,77.5094268051228,60.274916548649706,17.234510256473094
569,793.8494351118467,194.40853124210693,599.4409038697397
570,338.6133422988292,349.6245073574003,-11.011165058571123
571,291.5899903114798,401.99491663154294,-110.40492632006311
572,191.68166689266565,303.2108962428685,-111.52922935020285
573,167.4212215152903,65.00783775468503,102.41338376060529
574,1689.0282909835205,607.66573212852,1081.3625588550005
575,283.6709431940811,102.09193850077382,181.57900469330724
576,1077.0956159838358,138.57340352386677,938.5222124599691
577,522.2938144968306,245.27168409278633,277.0221304040442
578,977.4721794151737,588.5050290498492,388.9671503653245
579,956.7925461828696,314.6470544678532,642.1454917150164
580,1565.34122511355,362.8843109004904,1202.4569142130597
581,598.5685045232611,73.14483404844778,525.4236704748133
582,818.3966805619224,130.41959138239463,687.9770891795278
583,660.4928721708898,44.16512815033448,616.3277440205553
584,464.7219736266645,400.57022275359225,64.15175087307227
585,631.7802607235587,891.3575987115478,-259.57733798798904
586,628.951296878702,398.2585350173144,230.69276186138762
587,20.884029822457187,39.94928350400304,-19.065253681545855
588,362.94969876090863,354.62949387953984,8.320204881368795
589,786.6768273865889,170.33796498690006,616.3388623996889
590,139.1710375110482,28.990997816365763,110.18003969468245
591,312.8825902907989,2265.1616583596724,-1952.2790680688736
592,285.4521289099536,386.3425404838411,-100.89041157388749
593,257.7408643796448,292.20612118270293,-34.46525680305814
594,64.96296592544391,619.3017438237968,-554.3387778983529
595,372.96978983252694,118.06441229581355,254.9053775367134
596,295.51950275969784,329.7443108785186,-34.22480811882076
597,544.4192400796817,189.49171719525958,354.9275228844221
598,398.60211613966936,39.69955407481678,358.9025620648526
599,13.964674032539477,233.65708866067402,-219.69241462813454
600,16.2192358733098,299.82792413272745,-283.60868825941765
601,604.2578890414721,192.3087131406091,411.94917590086305
602,614.7839895904574,40.152537510105866,574.6314520803516
603,1608.677662263309,23.48031697079572,1585.1973452925133
604,1046.5864189666984,327.94280058723945,718.643618379459
605,315.61197633674635,545.8776646251407,-230.26568828839436
606,491.6247720241781,773.4780434079229,-281.85327138374475
607,305.4903442688267,147.3980174799576,158.0923267888691
608,126.12286876522622,835.7184064245791,-709.5955376593529
609,236.3452155387341,514.1121606048603,-277.76694506612614
610,54.842834757445296,165.51598854345377,-110.67315378600847
611,549.0968666298123,156.42446420647707,392.67240242333526
612,106.61526386682091,121.70500077508645,-15.089736908265536
613,322.62421869038724,21.486377313171516,301.13784137721575
614,1712.2832067397496,2.9321231109337553,1709.3510836288158
615,16.090618192823545,84.50946881651272,-68.41885062368918
616,82.27811938195624,88.15727010641712,-5.879150724460871
617,177.32363222955183,392.42361654384115,-215.09998431428932
618,1421.9947974572601,51.36843894445831,1370.6263585128017
619,1197.5793889150154,353.7076125977337,843.8717763172817
620,88.3690909280595,393.1727830218046,-304.8036920937451
621,1984.7670922038492,184.6987501367422,1800.068342067107
622,694.6444704596787,37.5511343859431,657.0933360737356
623,388.2394855141065,381.36474655481976,6.874738959286731
624,1341.9438617834646,734.7943927994945,607.1494689839701
625,1062.6679485185768,136.7968246091821,925.8711239093948
626,248.22841925278578,426.56374973495343,-178.33533048216765
627,534.0558911681782,406.34420911139745,127.71168205678072
628,521.1894408197769,16.66718564063314,504.52225517914377
629,197.9813391374295,17.195845349441765,180.78549378798775
630,98.85376283913794,338.6760572264765,-239.82229438733853
631,314.4386078607996,533.1931082056061,-218.7545003448065
632,152.77439210964846,759.833165614653,-607.0587735050045
633,219.30296919749594,45.827587895141455,173.4753813023545
634,1541.1242745464829,262.6815739006399,1278.442700645843
635,309.147765138697,99.40789513264392,209.7398700060531
636,577.4190727295224,75.57900547585312,501.8400672536693
637,204.90970825792476,402.26847027287005,-197.35876201494528
638,2743.660010217651,159.91721765566572,2583.742792561985
639,537.595763305008,172.71171892774714,364.8840443772608
640,109.08389159393975,558.1424314278929,-449.05853983395315
641,51.67238466536777,81.81232275870683,-30.139938093339055
642,1433.9384775008025,225.45057995300834,1208.487897547794
643,1448.1954079638708,527.5735154184077,920.6218925454631
644,485.5429376974113,42.430639706328705,443.1122979910826
645,8.56875560415789,272.03802098688885,-263.46926538273095
646,127.79133058399059,544.551581839192,-416.76025125520135
647,807.9211486947665,433.7694179770878,374.15173071767873
648,1041.5634794997418,647.498961734484,394.06451776525773
649,302.55882424467666,9.931863551101216,292.6269606935754
650,227.47524383540016,352.7673873467207,-125.29214351132052
651,160.25762266717274,68.42289963930011,91.83472302787263
652,62.19834284632778,244.26833562165527,-182.06999277532748
653,61.50463580506114,447.20180613374606,-385.69717032868493
654,1524.5949901698248,163.51720264814622,1361.0777875216786
655,826.7631249221232,365.42528202518434,461.33784289693887
656,90.02967511061509,550.5454879356972,-460.51581282508215
657,115.99758697341686,874.0725923064584,-758.0750053330415
658,532.9054193989117,236.298752324637,296.6066670742747
659,723.3709565722687,113.98304077657863,609.3879157956901
660,831.1948308080041,148.30175912179283,682.8930716862112
661,89.16737215328398,602.0736118714453,-512.9062397181614
662,2071.608437629292,82.4560655465873,1989.1523720827047
663,129.25718519435702,644.3531205246644,-515.0959353303074
664,445.0866809404267,17.87285410967087,427.2138268307558
665,442.89986577147937,1065.524098528357,-622.6242327568775
666,1711.1372607352396,38.04580999486188,1673.0914507403777
667,535.9863128570056,644.6736463207519,-108.68733346374631
668,439.6230508960697,233.46232775748933,206.16072313858035
669,365.7076555925667,247.20081678074948,118.50683881181723
670,723.3567704777387,1183.6111828645817,-460.254412386843
671,56.05565922847227,907.0057267560077,-850.9500675275355
672,1.0470461323624483,480.7508246857479,-479.70377855338546
673,1523.3956165365098,316.30695770675095,1207.088658829759
674,345.2330683861275,339.68303781766633,5.550030568461182
675,198.99806934329655,42.97705491275985,156.0210144305367
676,229.47508033489152,188.99838251468458,40.47669782020694
677,814.4207657755771,168.19694406997613,646.223821705601
678,240.93302512370127,32.24520559849356,208.68781952520771
679,735.2058899017801,3.417927909915293,731.7879619918648
680,290.3219197420595,4.920626843381684,285.4012928986778
681,929.1979755749882,401.2130635789181,527.9849119960701
682,39.632040134671335,177.96666985861816,-138.33462972394682
683,328.0493428482459,202.34156688659667,125.70777596164922
684,314.47596249067965,87.73064949292419,226.74531299775546
685,153.48544181923396,233.50587452268266,-80.0204327034487
686,1437.7737949236111,40.817079575865975,1396.956715347745
687,1177.0889943343202,53.576461510775516,1123.5125328235447
688,293.130586280045,510.53839206540664,-217.40780578536163
689,51.10474585141732,8.343768444477071,42.76097740694025
690,115.82931905257938,743.1298062451262,-627.3004871925468
691,158.37822372848206,123.83209100160855,34.54613272687351
692,331.0372609532394,807.1738651207505,-476.1366041675111
693,206.52976988440085,19.745417066172106,186.78435281822874
694,743.9112698976268,112.49535862037786,631.4159112772489
695,323.1571869399433,269.8071822812374,53.35000465870593
696,1021.5374658937831,833.2434362974833,188.29402959629977
697,2734.167480478056,28.29436878786819,2705.8731116901877
698,124.1255304507937,496.9479209863376,-372.8223905355439
699,472.95166589432904,284.81772000469414,188.1339458896349
700,940.3029170268337,306.50208637653435,633.8008306502993
701,1452.3669147418007,1460.3152910393176,-7.948376297516916
702,171.30602088808524,116.17683708078201,55.129183807303235
703,649.220033643946,133.97425523979848,515.2457784041475
704,7.565016138256804,230.26675568589536,-222.70173954763857
705,1056.5713017876067,294.315861938156,762.2554398494507
706,33.03707600212643,112.07924914296481,-79.04217314083837
707,660.9943060417322,367.58297389161027,293.41133215012195
708,2611.640835856555,25.708087939762326,2585.932747916793
709,347.7647889006392,65.00115837518263,282.76363052545656
710,117.43981949163748,4.00213512394637,113.4376843676911
711,451.4942783151245,415.4327889854955,36.06148932962901
712,489.2825487242828,886.3661857629378,-397.083637038655
713,551.4197112041517,439.2261828645434,112.19352833960829
714,94.74060835378612,56.93842462969538,37.80218372409073
715,1144.8970855302189,100.16298490353499,1044.7341006266838
716,485.09814855775574,333.67186625372346,151.42628230403227
717,22.273160900548195,111.07860270142265,-88.80544180087446
718,576.0715127220582,156.67643479497013,419.39507792708804
719,109.13027543780352,88.6352373548031,20.495038083000424
720,13.860747941042158,229.21690669547485,-215.3561587544327
721,400.31416629284945,610.8601173097867,-210.54595101693724
722,839.1626409423914,82.20982704138676,756.9528139010046
723,982.8462876468172,226.21153751692555,756.6347501298917
724,54.640163572695464,328.09069202172964,-273.45052844903415
725,543.8996585875165,1.9792623930546913,541.9203961944618
726,619.0668921664461,87.4960893226723,531.5708028437738
727,174.4362979808278,251.29060369128155,-76.85430571045376
728,1776.5452827591873,523.2329947282855,1253.312288030902
729,163.34138415250092,77.61624900989158,85.72513514260935
730,36.27577090958158,687.338500858554,-651.0627299489724
731,366.235525105377,522.146780619187,-155.91125551380998
732,592.5998733233636,150.29961796335584,442.3002553600077
733,140.2935090333307,503.7568981797845,-363.4633891464538
734,206.6847847792233,567.6368957854163,-360.95211100619304
735,414.6300747581484,99.24377812011512,315.3862966380333
736,1088.7617090181811,36.70159308728166,1052.0601159308994
737,687.8273932069328,31.914595278643684,655.9127979282891
738,117.60297970774222,637.9602797104836,-520.3573000027415
739,145.02715580779616,204.60414526963484,-59.57698946183868
740,371.0434015747335,333.9222800626067,37.12112151212676
741,732.5793873844877,148.31738536856548,584.2620020159222
742,482.16542257901347,454.58237956078085,27.583043018232615
743,347.8996133647426,521.5449933520198,-173.64537998727718
744,454.5648911922847,669.1790014403135,-214.61411024802885
745,705.4165524901355,307.97385546748785,397.4426970226476
746,385.10029028488316,668.0218563601927,-282.92156607530956
747,1140.1806613003341,604.8906811240884,535.2899801762458
748,1469.368791188338,95.08948996245435,1374.2793012258837
749,1234.6417050801647,266.41878939759243,968.2229156825722
750,702.2665197334601,91.20796585886478,611.0585538745953
751,141.39436818065667,304.68348795324715,-163.28911977259048
752,243.28724211735943,682.3378598469511,-439.0506177295917
753,164.25199950431826,197.99473929767726,-33.74273979335899
754,535.9757939330085,522.1377430970108,13.838050835997706
755,195.94505174995703,5.175750146883315,190.76930160307373
756,702.0084506538691,605.5455396871046,96.46291096676453
757,60.24219712636108,865.811433218518,-805.5692360921569
758,746.6386802412901,112.80382342491771,633.8348568163724
759,440.826278492105,370.9958196740599,69.83045881804514
760,902.0841318678978,513.1604895315876,388.9236423363102
761,281.82816558789636,39.8085405726598,242.01962501523656
762,490.3672330305468,160.5590265050232,329.8082065255236
763,404.18040798823375,69.42205707631423,334.75835091191954
764,1858.0485862893827,411.78714627653574,1446.2614400128468
765,704.2176184878375,156.21977450510408,547.9978439827335
766,393.5237516883077,0.0407854164536656,393.482966271854
767,95.59967837349944,91.40113363426796,4.19854473923148
768,1172.2987773474013,68.1840472664656,1104.1147300809357
769,115.23376733845207,23.31330901164234,91.92045832680972
770,524.9728614828364,227.02883796158278,297.9440235212536
771,1378.1361055266286,123.26913277825727,1254.8669727483714
772,126.53059591402973,74.12768871148846,52.40290720254127
773,128.04231284650513,827.8022543729132,-699.759941526408
774,954.6600874751184,117.37021271178065,837.2898747633378
775,879.1285739268588,40.9874507108712,838.1411232159876
776,216.7034493842241,222.18380898636798,-5.480359602143892
777,154.00789668025945,668.6224540173105,-514.614557337051
778,68.13240379329262,451.46638242096816,-383.33397862767555
779,2208.7690069262767,48.11725846510239,2160.6517484611745
780,901.9456846541451,106.56588752764074,795.3797971265044
781,1148.2597874440385,81.21548687539621,1067.0443005686423
782,360.44352482264674,787.8138837245616,-427.37035890191487
783,60.73638534317833,98.25417742970461,-37.517792086526285
784,27.00656777079749,55.67550829726478,-28.66894052646729
785,200.6733772014964,182.15534364840795,18.518033553088458
786,1264.9338051792447,283.8557600151482,981.0780451640965
787,1474.2510450223624,51.775140099485995,1422.4759049228765
788,919.9411052596259,7.444797176746718,912.4963080828792
789,86.39108694884396,29.868215509071344,56.522871439772615
790,272.29736030630625,315.76008193003594,-43.46272162372969
791,141.34256811275202,53.540107299611385,87.80246081314064
792,114.92661467699845,89.8630101811238,25.063604495874657
793,577.3149680669642,337.84322375100396,239.47174431596022
794,332.874644751387,615.2261463430406,-282.3515015916536
795,196.45436888644514,915.1941878488093,-718.7398189623641
796,52.79941776844403,145.14937891566586,-92.34996114722183
797,393.46896573140594,76.99903762967126,316.4699281017347
798,213.1083348462282,403.12253930681976,-190.01420446059157
799,248.04717040395718,373.8803364953815,-125.83316609142435
800,185.9006301420646,1099.8136835441703,-913.9130534021057
801,244.85441785806506,30.904991177309476,213.94942668075558
802,405.8072577978179,631.475436239354,-225.66817844153616
803,7.122391238890464,57.951751339160616,-50.82936010027015
804,940.7775254463894,412.7077024900928,528.0698229562965
805,1275.0097823540486,1616.1640666201376,-341.154284266089
806,399.8427397202212,79.10313045372477,320.7396092664964
807,156.00180675167724,406.64784580866905,-250.6460390569918
808,2314.680223360691,446.3752589596909,1868.304964401
809,241.6003889009687,98.95122299836865,142.64916590260006
810,591.5223241128253,762.3687148326106,-170.8463907197853
811,585.5149599072407,21.662842399926873,563.8521175073139
812,284.8537002767361,77.97336684534095,206.88033343139517
813,111.0459006320134,104.68831910128145,6.357581530731949
814,1699.2910405827743,28.310821477346966,1670.9802191054273
815,32.90478926503612,84.41148136582488,-51.50669210078876
816,331.9392469203244,464.16914874945223,-132.2299018291278
817,124.69930290012579,93.27847235202302,31.42083054810277
818,174.05170112808503,211.94007148504681,-37.88837035696179
819,881.6656690777312,43.63049981664182,838.0351692610893
820,228.8522378221599,268.7164487223926,-39.864210900232706
821,43.513835675108105,283.15280920304343,-239.63897352793532
822,109.27020920376458,73.87025646894638,35.3999527348182
823,984.3918179556747,23.27538288759036,961.1164350680843
824,1886.758100425583,362.98188712139165,1523.7762133041915
825,155.97519728756419,301.0748776241677,-145.0996803366035
826,562.5946564172739,197.4789164555895,365.11573996168437
827,42.34285853523912,677.3482888607218,-635.0054303254827
828,642.7100119611913,1135.2126484484459,-492.50263648725456
829,269.3010998687363,395.47200697575613,-126.17090710701984
830,1251.4940794509848,983.2166275055191,268.2774519454657
831,186.64624831045927,47.74958286178713,138.89666544867214
832,1419.0822684506359,52.14381302797983,1366.938455422656
833,349.8316090309361,2093.111666552806,-1743.28005752187
834,214.54058554397977,141.74039986767127,72.8001856763085
835,520.6713669459424,245.9262762614718,274.7450906844706
836,143.67186705474413,868.6695191418095,-724.9976520870654
837,130.52889741255308,277.88317917002377,-147.3542817574707
838,109.29350197119096,612.1623532248999,-502.86885125370895
839,1608.1840337834674,368.57845310300246,1239.605580680465
840,339.53706368946354,581.1262408660136,-241.5891771765501
841,696.3875838568782,190.63169160972538,505.7558922471528
842,321.2193158154795,895.0239021033088,-573.8045862878294
843,442.8082178427195,40.14897460426711,402.6592432384524
844,438.7020819051772,494.56456834951877,-55.862486444341585
845,1953.1772488436673,80.47845369161024,1872.698795152057
846,551.9628763430859,289.340423538171,262.6224528049149
847,137.06678240818692,449.18416363438695,-312.1173812262
848,7.657163574304159,362.19444593956683,-354.5372823652627
849,123.38661024368761,173.73433077390277,-50.347720530215156
850,303.9617056344539,799.27403088694,-495.31232525248606
851,249.95960502521163,52.96005353582514,196.99955148938648
852,836.5250695343905,381.8985383667502,454.6265311676403
853,769.8550838525784,87.57950488400498,682.2755789685734
854,46.65886537731778,349.3912700856937,-302.7324047083759
855,1518.3888649490932,63.446541399677734,1454.9423235494155
856,374.81292408669884,14.688070061167833,360.124854025531
857,453.67040466569836,460.84560350599827,-7.175198840299913
858,259.6446459753077,510.21319702892777,-250.56855105362007
859,524.1986495872792,53.17507341667973,471.0235761705995
860,1025.2377818316938,493.6742909085396,531.5634909231542
861,560.3307480521936,119.26785054534267,441.06289750685096
862,1754.9240490412574,253.99260860636943,1500.931440434888
863,603.8603254720451,276.30206160015365,327.5582638718915
864,862.2020308756556,734.7428400632253,127.45919081243028
865,23.042694192699454,253.3518925885356,-230.30919839583615
866,558.4367786503086,609.6678018065181,-51.23102315620952
867,531.7470731277492,164.20553813445187,367.5415349932973
868,53.651228325762574,317.67815806147456,-264.026929735712
869,923.8078825038403,63.759795397703385,860.048087106137
870,476.182325761283,373.66175669870756,102.52056906257542
871,51.75228082818329,788.30588663083,-736.5536058026466
872,451.27666024200767,167.15322294047587,284.1234373015318
873,325.4423264487921,312.6323414447634,12.809985004028647
874,132.8256508571175,235.77484011893165,-102.94918926181415
875,9.976925560595134,4.382119906676011,5.594805653919123
876,227.5120177839806,715.0830989461915,-487.57108116221093
877,483.5961008202315,497.10093456084576,-13.504833740614231
878,199.7011124080906,161.09172904840102,38.60938335968959
879,183.5464056355444,28.612592408682602,154.9338132268618
880,695.3947086294155,129.9720910258479,565.4226176035676
881,710.7010390412662,223.73777504149572,486.96326399977045
882,634.2838154872944,83.98297370040935,550.300841786885
883,53.33733055396557,536.040698256306,-482.7033677023404
884,363.0066586850621,105.07030370337682,257.9363549816853
885,407.994990543131,68.79873917724687,339.1962513658841
886,682.8627332317421,56.935845955234605,625.9268872765075
887,1167.4390846225047,388.6834701621211,778.7556144603835
888,230.2555063465439,237.3091735402867,-7.053667193742797
889,279.8884387515198,357.1930101456818,-77.304571394162
890,659.8180922674394,102.89294699857318,556.9251452688662
891,543.297026924537,153.24922996384348,390.0477969606935
892,408.07554920044896,677.8785808211551,-269.8030316207061
893,215.49887881766332,120.32353000918324,95.17534880848008
894,108.67539748379647,699.7560218826222,-591.0806243988258
895,101.55244408035468,1016.9476501162269,-915.3952060358722
896,42.55202969289012,5.9182157357370455,36.63381395715308
897,42.3438665816824,204.50222969101594,-162.15836310933355
898,934.7466490171718,291.90277552659717,642.8438734905747
899,241.98860258575615,3.7740597985479236,238.21454278720825
900,31.33127317873372,129.31069100081928,-97.97941782208555
901,1133.7328873023205,8.533302073727647,1125.199585228593
902,126.33154502839486,287.5180294692349,-161.18648444084002
903,156.07238311713144,186.61560550845314,-30.543222391321706
904,108.14469711943975,91.51561405521946,16.629083064220296
905,1713.2739009782351,450.97019904865084,1262.3037019295843
906,59.695963083115835,234.8653849594216,-175.16942187630576
907,640.3607698966716,121.23206440876062,519.128705487911
908,1344.7767354409796,821.4117023296682,523.3650331113114
909,551.3121058232324,1116.8471098836094,-565.535004060377
910,978.5291629349633,60.41500642160581,918.1141565133576
911,138.83095578951594,1150.4046521554976,-1011.5736963659817
912,560.3184987284749,265.73138145360554,294.58711727486934
913,603.4407485150518,624.6939360738671,-21.253187558815284
914,306.5514789111406,103.38051849203687,203.17096041910372
915,1022.2133713193391,14.31865625602391,1007.8947150633152
916,592.7163694912766,3.799483246041152,588.9168862452354
917,1126.3158558540808,169.12612098646338,957.1897348676175
918,699.5973129889721,1.3677680245688275,698.2295449644033
919,367.287201298275,176.89649325890136,190.39070803937366
920,345.26352404908215,408.7384859476329,-63.47496189855076
921,302.3187877124576,331.08828023841966,-28.76949252596205
922,10.942296597006973,394.98067792996915,-384.03838133296216
923,383.01100284627466,270.85016348820665,112.16083935806802
924,274.9333124199229,923.6677420286239,-648.734429608701
925,85.71074711520173,82.37158388408913,3.339163231112593
926,63.38838449352009,702.4804542885761,-639.092069795056
927,298.3296457307341,1200.7274543369442,-902.3978086062101
928,20.365714699371402,1.0663139079480906,19.299400791423313
929,2155.500441860562,169.23510863282615,1986.265333227736
930,237.50481423432515,338.1703984900279,-100.66558425570273
931,240.72176237936674,285.9918929679626,-45.27013058859586
932,26.239788627609908,1359.6787739846986,-1333.4389853570888
933,278.1489413463584,323.9678527500803,-45.81891140372187
934,7.93535673500859,288.26578286517565,-280.33042613016704
935,15.277870676527272,782.4451152315607,-767.1672445550334
936,207.0757881067381,697.1868488236221,-490.111060716884
937,860.0980059533192,539.0664539002221,321.03155205309713
938,307.0026668999791,156.95787537556168,150.0447915244174
939,7.4759011921336205,358.70041696546457,-351.22451577333095
940,89.09706220078617,937.0689645939506,-847.9719023931644
941,673.3882344331886,82.28607752922345,591.1021569039651
942,670.266269151097,200.8182006624023,469.44806848869473
943,702.275820606209,425.11414941456854,277.16167119164044
944,216.6772454049146,273.2159379051421,-56.538692500227484
945,217.14603069586053,459.39338174395675,-242.24735104809622
946,809.9352390453236,91.96180715327372,717.9734318920498
947,253.86345278567245,42.06339022779544,211.80006255787703
948,649.4916904522606,191.15065593118362,458.341034521077
949,435.08898972214917,327.92144362358675,107.16754609856241
950,226.54704601927855,273.0526476330713,-46.50560161379272
951,41.69434796313026,283.0026113315593,-241.30826336842904
952,61.72002749644693,29.172028150683822,32.54799934576311
953,1101.6356659722403,202.78013034372157,898.8555356285187
954,301.05077690880887,67.86888065070201,233.18189625810686
955,2558.3762925544397,372.0645553961394,2186.3117371583003
956,226.19734904848877,245.21825700319695,-19.02090795470818
957,143.81057360050266,275.47095121662335,-131.66037761612068
958,215.80649164453175,271.580679891944,-55.77418824741224
959,210.1011573460235,109.67729167065592,100.4238656753676
960,507.16782983817467,26.11515803535374,481.05267180282095
961,6.409690983903424,159.86465951752265,-153.45496853361922
962,720.4146356560003,106.03607595213128,614.3785597038691
963,269.28226147887125,252.98701309343406,16.29524838543719
964,283.02753228532606,75.74766800070032,207.27986428462575
965,328.0365147451381,75.96556524221081,252.0709495029273
966,298.2030568416871,117.98211363469349,180.2209432069936
967,344.05086420406906,57.10291035840893,286.94795384566015
968,212.25081189490805,154.25475611947746,57.99605577543059
969,301.9697341235166,521.2107062687653,-219.2409721452487
970,259.30402730485406,573.1717885618741,-313.86776125702005
971,365.1574280152006,34.36984721601499,330.7875807991856
972,488.112049655524,120.47037708935994,367.64167256616406
973,137.9035019815447,284.9636279156414,-147.06012593409667
974,355.0827356449555,77.2228849328516,277.85985071210393
975,451.4675572668873,755.7633889718961,-304.2958317050088
976,8.546790479971506,367.89964662265544,-359.35285614268395
977,367.4991633388721,74.6499435235423,292.8492198153298
978,136.75366919442533,33.84407226372515,102.90959693070018
979,259.2093121734461,22.991705685976275,236.21760648746982
980,875.8757705742573,62.46690474984969,813.4088658244076
981,197.43738963320476,151.02984635749516,46.4075432757096
982,330.0660371212598,416.83617966624126,-86.77014254498147
983,12.526179896627934,45.595539750585544,-33.06935985395761
984,184.62749827408248,11.143070797601505,173.484427476481
985,510.43840303082743,666.8566299430499,-156.4182269122225
986,189.28631792589863,122.55992926370878,66.72638866218985
987,115.20841012594295,120.30522509485716,-5.096814968914217
988,171.7071142156451,223.39998933792864,-51.69287512228354
989,1543.6859738551866,163.33009458509278,1380.3558792700937
990,45.40117989326159,104.96518440812986,-59.564004514868266
991,311.2118164484068,377.1902615208834,-65.97844507247657
992,30.08040726447706,471.3084326456714,-441.22802538119436
993,386.80808426856487,525.0925756322757,-138.28449136371086
994,78.93296632758218,440.94228478171374,-362.0093184541316
995,502.67684037745175,351.7691932683327,150.90764710911907
996,153.53266833975513,64.33407671394633,89.1985916258088
997,587.070108654407,394.63939076782844,192.43071788657858
998,213.20092478095526,96.35568278188353,116.84524199907173
999,2.08860048812368,383.84339670429097,-381.7547962161673
1000,174.70406920550784,30.896633492390784,143.80743571311706
